{"stats":{"minecraft:mined":{"minecraft:furnace":2,"minecraft:redstone_torch":1,"minecraft:iron_ore":5,"minecraft:white_carpet":1,"minecraft:powder_snow":44,"minecraft:yellow_bed":1,"minecraft:crafting_table":2,"minecraft:short_grass":2,"minecraft:coal_ore":12,"minecraft:chest":2,"minecraft:iron_bars":1,"minecraft:tall_grass":4,"minecraft:cobblestone":1,"minecraft:spruce_leaves":8,"minecraft:stone":5},"minecraft:custom":{"minecraft:time_since_rest":12267,"minecraft:interact_with_furnace":11,"minecraft:sprint_one_cm":70898,"minecraft:damage_taken":105,"minecraft:walk_one_cm":26684,"minecraft:mob_kills":2,"minecraft:drop":7,"minecraft:damage_dealt":360,"minecraft:interact_with_crafting_table":5,"minecraft:fly_one_cm":70488,"minecraft:open_chest":11,"minecraft:crouch_one_cm":311,"minecraft:play_time":20296,"minecraft:sneak_time":155,"minecraft:jump":418,"minecraft:interact_with_brewingstand":1,"minecraft:leave_game":1,"minecraft:time_since_death":20296,"minecraft:walk_on_water_one_cm":71,"minecraft:sleep_in_bed":1,"minecraft:climb_one_cm":2939,"minecraft:total_world_time":20296,"minecraft:fall_one_cm":7855},"minecraft:killed":{"minecraft:zombie":2},"minecraft:crafted":{"minecraft:oak_door":3,"minecraft:iron_axe":1,"minecraft:crafting_table":1,"minecraft:stick":12,"minecraft:iron_ingot":6,"minecraft:iron_pickaxe":1,"minecraft:stone_pickaxe":1,"minecraft:furnace":1,"minecraft:cooked_mutton":11},"minecraft:picked_up":{"minecraft:crafting_table":2,"minecraft:raw_iron":5,"minecraft:yellow_bed":1,"minecraft:white_carpet":1,"minecraft:rotten_flesh":9,"minecraft:redstone_torch":1,"minecraft:chest":2,"minecraft:iron_bars":1,"minecraft:coal":18,"minecraft:cobblestone":6,"minecraft:furnace":2},"minecraft:dropped":{"minecraft:rotten_flesh":9},"minecraft:used":{"minecraft:redstone_torch":1,"minecraft:cooked_mutton":4,"minecraft:stone_pickaxe":32,"minecraft:chest":2,"minecraft:wooden_pickaxe":1,"minecraft:oak_door":1,"minecraft:stone_axe":4,"minecraft:golden_sword":10,"minecraft:cobblestone":1,"minecraft:crafting_table":2,"minecraft:furnace":3,"minecraft:yellow_bed":1,"minecraft:splash_potion":1}},"DataVersion":4082}