{"stats":{"minecraft:mined":{"minecraft:light_gray_carpet":3,"minecraft:powder_snow":44,"minecraft:brewing_stand":1,"minecraft:crafting_table":2,"minecraft:short_grass":2,"minecraft:grass_block":1,"minecraft:chest":4,"minecraft:tall_grass":4,"minecraft:cobblestone":1,"minecraft:spruce_leaves":8,"minecraft:furnace":2,"minecraft:iron_ore":5,"minecraft:redstone_torch":1,"minecraft:white_carpet":1,"minecraft:yellow_bed":1,"minecraft:coal_ore":12,"minecraft:water_cauldron":1,"minecraft:iron_bars":4,"minecraft:dirt":2,"minecraft:stone":5,"minecraft:redstone_wall_torch":1},"minecraft:custom":{"minecraft:interact_with_furnace":11,"minecraft:mob_kills":2,"minecraft:interact_with_crafting_table":6,"minecraft:leave_game":2,"minecraft:time_since_death":24801,"minecraft:sleep_in_bed":2,"minecraft:climb_one_cm":6649,"minecraft:time_since_rest":647,"minecraft:sprint_one_cm":72098,"minecraft:damage_taken":105,"minecraft:walk_one_cm":39919,"minecraft:drop":7,"minecraft:damage_dealt":360,"minecraft:talked_to_villager":5,"minecraft:fly_one_cm":70563,"minecraft:open_chest":13,"minecraft:crouch_one_cm":641,"minecraft:play_time":24801,"minecraft:sneak_time":370,"minecraft:jump":423,"minecraft:interact_with_brewingstand":1,"minecraft:walk_on_water_one_cm":71,"minecraft:total_world_time":24801,"minecraft:fall_one_cm":7855},"minecraft:killed":{"minecraft:zombie":2},"minecraft:crafted":{"minecraft:oak_door":3,"minecraft:oak_sign":3,"minecraft:crafting_table":1,"minecraft:furnace":1,"minecraft:cooked_mutton":11,"minecraft:iron_axe":1,"minecraft:stick":12,"minecraft:iron_ingot":6,"minecraft:iron_pickaxe":1,"minecraft:stone_pickaxe":1},"minecraft:picked_up":{"minecraft:crafting_table":3,"minecraft:wooden_pickaxe":1,"minecraft:flint":1,"minecraft:brewing_stand":1,"minecraft:yellow_bed":2,"minecraft:dirt":2,"minecraft:white_carpet":2,"minecraft:apple":4,"minecraft:gold_nugget":2,"minecraft:redstone_torch":2,"minecraft:iron_nugget":3,"minecraft:chest":4,"minecraft:furnace":2,"minecraft:raw_iron":5,"minecraft:cauldron":1,"minecraft:cactus":1,"minecraft:rotten_flesh":11,"minecraft:stone_axe":1,"minecraft:oak_sapling":8,"minecraft:light_gray_carpet":3,"minecraft:coal":18,"minecraft:iron_bars":5,"minecraft:white_wool":7,"minecraft:cobblestone":20},"minecraft:dropped":{"minecraft:rotten_flesh":9},"minecraft:used":{"minecraft:cooked_mutton":4,"minecraft:stone_pickaxe":32,"minecraft:oak_sign":1,"minecraft:chest":4,"minecraft:wooden_pickaxe":1,"minecraft:cauldron":1,"minecraft:oak_door":1,"minecraft:torch":1,"minecraft:brewing_stand":1,"minecraft:dirt":2,"minecraft:crafting_table":2,"minecraft:redstone_torch":2,"minecraft:iron_axe":2,"minecraft:iron_pickaxe":6,"minecraft:stone_axe":4,"minecraft:golden_sword":10,"minecraft:cobblestone":1,"minecraft:furnace":3,"minecraft:yellow_bed":1,"minecraft:splash_potion":1}},"DataVersion":4082}