{"stats":{"minecraft:killed_by":{"minecraft:skeleton":2,"minecraft:stray":1,"minecraft:spider":1},"minecraft:mined":{"minecraft:powder_snow":5,"minecraft:crafting_table":3,"minecraft:torch":4,"minecraft:short_grass":36,"minecraft:grass_block":12,"minecraft:copper_ore":24,"minecraft:spruce_leaves":32,"minecraft:sugar_cane":7,"minecraft:oxeye_daisy":1,"minecraft:wall_torch":1,"minecraft:hay_block":26,"minecraft:furnace":1,"minecraft:carrots":5,"minecraft:fire":1,"minecraft:iron_ore":8,"minecraft:wheat":17,"minecraft:spruce_log":14,"minecraft:pumpkin":3,"minecraft:red_tulip":1,"minecraft:potatoes":1,"minecraft:coal_ore":11,"minecraft:beetroots":2,"minecraft:dirt_path":1,"minecraft:gravel":26,"minecraft:stone":1,"minecraft:deepslate":2},"minecraft:custom":{"minecraft:interact_with_furnace":9,"minecraft:mob_kills":22,"minecraft:interact_with_crafting_table":9,"minecraft:leave_game":4,"minecraft:time_since_death":4101,"minecraft:sleep_in_bed":3,"minecraft:climb_one_cm":220,"minecraft:time_since_rest":4166,"minecraft:sprint_one_cm":245138,"minecraft:damage_taken":2255,"minecraft:walk_one_cm":262088,"minecraft:drop":15,"minecraft:damage_dealt":2977,"minecraft:swim_one_cm":437,"minecraft:fly_one_cm":216240,"minecraft:open_chest":4,"minecraft:crouch_one_cm":191,"minecraft:sneak_time":75,"minecraft:play_time":70842,"minecraft:deaths":7,"minecraft:walk_under_water_one_cm":4790,"minecraft:jump":1469,"minecraft:walk_on_water_one_cm":11926,"minecraft:total_world_time":70842,"minecraft:fall_one_cm":33145},"minecraft:killed":{"minecraft:sheep":12,"minecraft:skeleton":5,"minecraft:zombie":4},"minecraft:broken":{"minecraft:golden_sword":1,"minecraft:golden_shovel":1},"minecraft:crafted":{"minecraft:cooked_beef":5,"minecraft:crafting_table":2,"minecraft:spruce_planks":48,"minecraft:spruce_button":1,"minecraft:furnace":1,"minecraft:stone_axe":1,"minecraft:cooked_mutton":9,"minecraft:bread":83,"minecraft:flint_and_steel":1,"minecraft:spruce_wood":3,"minecraft:stick":8,"minecraft:iron_ingot":1,"minecraft:stone_pickaxe":1,"minecraft:wooden_axe":1,"minecraft:white_bed":2,"minecraft:torch":24,"minecraft:wheat":234},"minecraft:picked_up":{"minecraft:crafting_table":3,"minecraft:wooden_pickaxe":1,"minecraft:potato":1,"minecraft:golden_shovel":2,"minecraft:flint":2,"minecraft:golden_sword":1,"minecraft:gunpowder":1,"minecraft:string":2,"minecraft:dirt":64,"minecraft:raw_copper":86,"minecraft:bone":1,"minecraft:wheat_seeds":21,"minecraft:cobbled_deepslate":2,"minecraft:raw_gold":2,"minecraft:sugar_cane":15,"minecraft:furnace":1,"minecraft:raw_iron":9,"minecraft:stick":4,"minecraft:pumpkin":3,"minecraft:torch":28,"minecraft:porkchop":1,"minecraft:gravel":25,"minecraft:spruce_sapling":7,"minecraft:carrot":5,"minecraft:white_bed":1,"minecraft:spruce_log":13,"minecraft:spider_eye":2,"minecraft:rotten_flesh":7,"minecraft:arrow":2,"minecraft:diamond":1,"minecraft:stone_axe":1,"minecraft:beetroot_seeds":2,"minecraft:hay_block":26,"minecraft:red_tulip":1,"minecraft:oak_sapling":15,"minecraft:mutton":20,"minecraft:coal":11,"minecraft:cobblestone":65,"minecraft:snowball":11,"minecraft:white_wool":12,"minecraft:oxeye_daisy":2},"minecraft:dropped":{"minecraft:bread":78,"minecraft:cooked_beef":5,"minecraft:raw_iron":3,"minecraft:golden_shovel":1,"minecraft:white_bed":1,"minecraft:flint":1,"minecraft:oxeye_daisy":2,"minecraft:gunpowder":1,"minecraft:spider_eye":1,"minecraft:wooden_pickaxe":1,"minecraft:white_wool":1},"minecraft:used":{"minecraft:cooked_mutton":3,"minecraft:flint_and_steel":2,"minecraft:stone_pickaxe":47,"minecraft:rotten_flesh":2,"minecraft:white_wool":5,"minecraft:torch":46,"minecraft:mutton":10,"minecraft:crafting_table":5,"minecraft:white_bed":1,"minecraft:golden_shovel":17,"minecraft:wooden_axe":20,"minecraft:bread":5,"minecraft:spruce_button":1,"minecraft:gravel":25,"minecraft:golden_sword":13,"minecraft:stone_axe":43,"minecraft:cobblestone":18,"minecraft:furnace":1,"minecraft:cobbled_deepslate":2}},"DataVersion":4082}