{"stats":{"minecraft:killed":{"minecraft:sheep":8,"minecraft:skeleton":1},"minecraft:custom":{"minecraft:time_since_rest":9702,"minecraft:interact_with_furnace":2,"minecraft:sprint_one_cm":146423,"minecraft:damage_taken":922,"minecraft:walk_one_cm":108253,"minecraft:mob_kills":9,"minecraft:drop":5,"minecraft:damage_dealt":1073,"minecraft:swim_one_cm":408,"minecraft:interact_with_crafting_table":6,"minecraft:fly_one_cm":152776,"minecraft:open_chest":2,"minecraft:play_time":32359,"minecraft:deaths":3,"minecraft:walk_under_water_one_cm":667,"minecraft:jump":746,"minecraft:leave_game":3,"minecraft:time_since_death":25102,"minecraft:walk_on_water_one_cm":4759,"minecraft:sleep_in_bed":2,"minecraft:climb_one_cm":220,"minecraft:total_world_time":32359,"minecraft:fall_one_cm":17468},"minecraft:picked_up":{"minecraft:crafting_table":2,"minecraft:stick":4,"minecraft:pumpkin":3,"minecraft:potato":1,"minecraft:golden_shovel":2,"minecraft:spruce_sapling":7,"minecraft:spruce_log":13,"minecraft:carrot":5,"minecraft:string":2,"minecraft:dirt":52,"minecraft:raw_copper":8,"minecraft:beetroot_seeds":2,"minecraft:wheat_seeds":21,"minecraft:hay_block":26,"minecraft:sugar_cane":15,"minecraft:furnace":1,"minecraft:mutton":14,"minecraft:cobblestone":64,"minecraft:snowball":11,"minecraft:white_wool":8,"minecraft:oxeye_daisy":2},"minecraft:broken":{"minecraft:golden_shovel":1},"minecraft:mined":{"minecraft:hay_block":26,"minecraft:furnace":1,"minecraft:carrots":5,"minecraft:wheat":17,"minecraft:spruce_log":14,"minecraft:pumpkin":3,"minecraft:powder_snow":5,"minecraft:crafting_table":2,"minecraft:short_grass":24,"minecraft:potatoes":1,"minecraft:grass_block":10,"minecraft:beetroots":2,"minecraft:dirt_path":1,"minecraft:copper_ore":2,"minecraft:spruce_leaves":32,"minecraft:sugar_cane":7,"minecraft:oxeye_daisy":1},"minecraft:killed_by":{"minecraft:skeleton":1,"minecraft:stray":1,"minecraft:spider":1},"minecraft:used":{"minecraft:wooden_axe":20,"minecraft:stone_pickaxe":3,"minecraft:bread":5,"minecraft:spruce_button":1,"minecraft:stone_axe":1,"minecraft:mutton":6,"minecraft:crafting_table":3,"minecraft:furnace":1,"minecraft:golden_shovel":17},"minecraft:crafted":{"minecraft:crafting_table":2,"minecraft:spruce_wood":3,"minecraft:stick":4,"minecraft:spruce_planks":48,"minecraft:spruce_button":1,"minecraft:stone_pickaxe":1,"minecraft:wooden_axe":1,"minecraft:furnace":1,"minecraft:white_bed":2,"minecraft:stone_axe":1,"minecraft:bread":78,"minecraft:wheat":234},"minecraft:dropped":{"minecraft:oxeye_daisy":2,"minecraft:bread":64,"minecraft:golden_shovel":1,"minecraft:white_bed":1}},"DataVersion":4082}