{"stats":{"minecraft:mined":{"minecraft:short_grass":2,"minecraft:coal_ore":12,"minecraft:chest":1,"minecraft:iron_ore":2,"minecraft:tall_grass":4,"minecraft:stone":5,"minecraft:yellow_bed":1,"minecraft:crafting_table":1},"minecraft:custom":{"minecraft:time_since_rest":267,"minecraft:open_chest":2,"minecraft:crouch_one_cm":202,"minecraft:sprint_one_cm":33530,"minecraft:play_time":8296,"minecraft:damage_taken":95,"minecraft:walk_one_cm":11844,"minecraft:sneak_time":90,"minecraft:mob_kills":2,"minecraft:jump":166,"minecraft:damage_dealt":360,"minecraft:leave_game":1,"minecraft:walk_on_water_one_cm":71,"minecraft:time_since_death":8296,"minecraft:sleep_in_bed":1,"minecraft:total_world_time":8296,"minecraft:interact_with_crafting_table":2,"minecraft:fall_one_cm":3646,"minecraft:fly_one_cm":26309,"minecraft:interact_with_furnace":1},"minecraft:killed":{"minecraft:zombie":2},"minecraft:crafted":{"minecraft:furnace":1,"minecraft:crafting_table":1,"minecraft:stick":12,"minecraft:stone_pickaxe":1},"minecraft:picked_up":{"minecraft:raw_iron":2,"minecraft:crafting_table":1,"minecraft:rotten_flesh":3,"minecraft:yellow_bed":1,"minecraft:chest":1,"minecraft:coal":12,"minecraft:cobblestone":5},"minecraft:used":{"minecraft:stone_axe":2,"minecraft:golden_sword":10,"minecraft:crafting_table":2,"minecraft:furnace":1,"minecraft:stone_pickaxe":18,"minecraft:yellow_bed":1,"minecraft:wooden_pickaxe":1}},"DataVersion":4082}