{"stats":{"minecraft:killed":{"minecraft:pig":1,"minecraft:spider":2,"minecraft:sheep":8,"minecraft:skeleton":2,"minecraft:zombie":2,"minecraft:cow":3},"minecraft:custom":{"minecraft:interact_with_furnace":8,"minecraft:mob_kills":18,"minecraft:interact_with_crafting_table":3,"minecraft:leave_game":2,"minecraft:time_since_death":1154,"minecraft:time_since_rest":1188,"minecraft:sprint_one_cm":63658,"minecraft:damage_taken":586,"minecraft:walk_one_cm":127323,"minecraft:drop":4,"minecraft:damage_dealt":2064,"minecraft:swim_one_cm":1175,"minecraft:talked_to_villager":1,"minecraft:fly_one_cm":200760,"minecraft:open_chest":1,"minecraft:play_time":30321,"minecraft:deaths":2,"minecraft:sneak_time":1,"minecraft:walk_under_water_one_cm":134,"minecraft:jump":867,"minecraft:walk_on_water_one_cm":1906,"minecraft:total_world_time":30321,"minecraft:fall_one_cm":17859},"minecraft:picked_up":{"minecraft:crafting_table":3,"minecraft:wheat":2,"minecraft:golden_shovel":1,"minecraft:oak_log":40,"minecraft:dirt":25,"minecraft:string":1,"minecraft:cooked_mutton":4,"minecraft:bone":3,"minecraft:wheat_seeds":13,"minecraft:beef":6,"minecraft:sugar_cane":13,"minecraft:oak_planks":8,"minecraft:furnace":2,"minecraft:stick":14,"minecraft:pumpkin":16,"minecraft:porkchop":1,"minecraft:white_bed":1,"minecraft:carrot":2,"minecraft:spider_eye":1,"minecraft:rotten_flesh":2,"minecraft:bread":64,"minecraft:oak_sapling":15,"minecraft:mutton":11,"minecraft:coal":17,"minecraft:white_wool":9,"minecraft:cobblestone":122,"minecraft:oxeye_daisy":1},"minecraft:mined":{"minecraft:powder_snow":2,"minecraft:crafting_table":3,"minecraft:short_grass":3,"minecraft:grass_block":1,"minecraft:sugar_cane":9,"minecraft:furnace":2,"minecraft:carrots":1,"minecraft:wheat":1,"minecraft:pumpkin":16,"minecraft:oak_log":6,"minecraft:coal_ore":17,"minecraft:dirt":1,"minecraft:stone":122},"minecraft:killed_by":{"minecraft:creeper":2},"minecraft:used":{"minecraft:cooked_mutton":2,"minecraft:stone_pickaxe":85,"minecraft:wooden_pickaxe":58,"minecraft:torch":4,"minecraft:dirt":2,"minecraft:mutton":1,"minecraft:crafting_table":3,"minecraft:carrot":2,"minecraft:bread":2,"minecraft:stone_axe":46,"minecraft:golden_sword":6,"minecraft:beef":1,"minecraft:furnace":2},"minecraft:dropped":{"minecraft:cobblestone":64,"minecraft:golden_shovel":2,"minecraft:dirt":12},"minecraft:crafted":{"minecraft:oak_planks":24,"minecraft:crafting_table":1,"minecraft:wooden_pickaxe":1,"minecraft:furnace":3,"minecraft:stone_axe":1,"minecraft:cooked_mutton":3,"minecraft:air":0,"minecraft:light_gray_bed":1,"minecraft:stick":8,"minecraft:stone_pickaxe":1,"minecraft:light_gray_dye":1,"minecraft:torch":20}},"DataVersion":4082}