{"stats":{"minecraft:killed_by":{"minecraft:player":1,"minecraft:creeper":3,"minecraft:zombie":1},"minecraft:mined":{"minecraft:tuff":1,"minecraft:deepslate_diamond_ore":3,"minecraft:powder_snow":2,"minecraft:crafting_table":3,"minecraft:granite":4,"minecraft:short_grass":5,"minecraft:grass_block":1,"minecraft:cobblestone":7,"minecraft:lapis_ore":3,"minecraft:sugar_cane":9,"minecraft:wall_torch":1,"minecraft:hay_block":4,"minecraft:furnace":5,"minecraft:carrots":1,"minecraft:iron_ore":26,"minecraft:wheat":1,"minecraft:pumpkin":29,"minecraft:coal_ore":75,"minecraft:oak_log":6,"minecraft:deepslate_iron_ore":7,"minecraft:gravel":8,"minecraft:dirt":1,"minecraft:stone":136,"minecraft:gold_ore":3,"minecraft:deepslate":7},"minecraft:custom":{"minecraft:interact_with_furnace":22,"minecraft:mob_kills":27,"minecraft:interact_with_crafting_table":7,"minecraft:leave_game":3,"minecraft:time_since_death":0,"minecraft:time_since_rest":70,"minecraft:sprint_one_cm":177689,"minecraft:damage_taken":2081,"minecraft:walk_one_cm":260247,"minecraft:drop":17,"minecraft:damage_dealt":4152,"minecraft:swim_one_cm":2653,"minecraft:talked_to_villager":2,"minecraft:fly_one_cm":347639,"minecraft:open_chest":3,"minecraft:crouch_one_cm":139,"minecraft:play_time":69233,"minecraft:deaths":6,"minecraft:sneak_time":114,"minecraft:walk_under_water_one_cm":3076,"minecraft:jump":1751,"minecraft:walk_on_water_one_cm":7993,"minecraft:total_world_time":69233,"minecraft:fall_one_cm":45997},"minecraft:killed":{"minecraft:pig":1,"minecraft:witch":1,"minecraft:spider":3,"minecraft:creeper":1,"minecraft:sheep":8,"minecraft:skeleton":7,"minecraft:zombie":3,"minecraft:cow":3},"minecraft:crafted":{"minecraft:oak_planks":32,"minecraft:crafting_table":1,"minecraft:wooden_pickaxe":1,"minecraft:iron_sword":1,"minecraft:furnace":3,"minecraft:stone_axe":2,"minecraft:cooked_mutton":6,"minecraft:air":0,"minecraft:light_gray_bed":1,"minecraft:stick":40,"minecraft:iron_ingot":21,"minecraft:iron_pickaxe":1,"minecraft:stone_pickaxe":2,"minecraft:light_gray_dye":1,"minecraft:torch":164},"minecraft:broken":{"minecraft:stone_pickaxe":1},"minecraft:picked_up":{"minecraft:crafting_table":3,"minecraft:wheat":2,"minecraft:cooked_beef":5,"minecraft:golden_shovel":1,"minecraft:tuff":1,"minecraft:oak_log":40,"minecraft:gunpowder":1,"minecraft:lapis_lazuli":20,"minecraft:string":1,"minecraft:dirt":25,"minecraft:iron_leggings":1,"minecraft:cooked_mutton":5,"minecraft:bone":7,"minecraft:wheat_seeds":13,"minecraft:cobbled_deepslate":7,"minecraft:raw_gold":2,"minecraft:beef":6,"minecraft:sugar_cane":13,"minecraft:oak_planks":8,"minecraft:egg":1,"minecraft:iron_boots":1,"minecraft:furnace":5,"minecraft:raw_iron":37,"minecraft:stick":14,"minecraft:pumpkin":29,"minecraft:torch":3,"minecraft:gravel":7,"minecraft:porkchop":1,"minecraft:white_bed":1,"minecraft:carrot":2,"minecraft:redstone":8,"minecraft:spider_eye":1,"minecraft:arrow":3,"minecraft:rotten_flesh":3,"minecraft:diamond":3,"minecraft:hay_block":4,"minecraft:iron_helmet":1,"minecraft:granite":4,"minecraft:bread":88,"minecraft:oak_sapling":15,"minecraft:mutton":11,"minecraft:coal":86,"minecraft:white_wool":9,"minecraft:cobblestone":149,"minecraft:oxeye_daisy":1},"minecraft:dropped":{"minecraft:stone_axe":1,"minecraft:porkchop":1,"minecraft:diamond":1,"minecraft:rotten_flesh":2,"minecraft:cobblestone":64,"minecraft:golden_shovel":2,"minecraft:dirt":23,"minecraft:gunpowder":1,"minecraft:torch":21,"minecraft:oak_sapling":15,"minecraft:golden_sword":1,"minecraft:spider_eye":1,"minecraft:arrow":1,"minecraft:wooden_pickaxe":1,"minecraft:raw_gold":2},"minecraft:used":{"minecraft:cooked_mutton":2,"minecraft:stone_pickaxe":167,"minecraft:wooden_pickaxe":58,"minecraft:iron_sword":12,"minecraft:torch":129,"minecraft:dirt":2,"minecraft:mutton":1,"minecraft:crafting_table":4,"minecraft:carrot":2,"minecraft:golden_shovel":8,"minecraft:granite":4,"minecraft:bread":14,"minecraft:iron_pickaxe":54,"minecraft:gravel":7,"minecraft:stone_axe":64,"minecraft:golden_sword":19,"minecraft:cobblestone":10,"minecraft:beef":1,"minecraft:hay_block":2,"minecraft:furnace":5,"minecraft:egg":1}},"DataVersion":4082}