{"stats":{"minecraft:killed_by":{"minecraft:spider":1,"minecraft:iron_golem":1,"minecraft:zombie":1},"minecraft:mined":{"minecraft:tuff":4,"minecraft:white_bed":1,"minecraft:deepslate_diamond_ore":46,"minecraft:oak_door":4,"minecraft:granite":1,"minecraft:grass_block":16,"minecraft:spruce_leaves":1,"minecraft:sandstone":3,"minecraft:spawner":1,"minecraft:large_fern":1,"minecraft:hay_block":60,"minecraft:tall_seagrass":4,"minecraft:iron_ore":54,"minecraft:cobbled_deepslate":12,"minecraft:deepslate_lapis_ore":10,"minecraft:gold_block":1,"minecraft:dirt_path":13,"minecraft:deepslate_iron_ore":95,"minecraft:stone":66,"minecraft:glass_pane":10,"minecraft:red_bed":1,"minecraft:crafting_table":10,"minecraft:short_grass":136,"minecraft:poppy":1,"minecraft:cobblestone":5,"minecraft:tall_grass":39,"minecraft:deepslate_gold_ore":113,"minecraft:oak_planks":3,"minecraft:sugar_cane":9,"minecraft:pink_petals":2,"minecraft:seagrass":1,"minecraft:redstone_torch":1,"minecraft:wheat":3,"minecraft:ice":3,"minecraft:yellow_bed":2,"minecraft:oak_log":17,"minecraft:coal_ore":98,"minecraft:gravel":17,"minecraft:sunflower":2,"minecraft:sand":10,"minecraft:dirt":1,"minecraft:cobweb":1,"minecraft:gold_ore":9,"minecraft:deepslate":56},"minecraft:custom":{"minecraft:mob_kills":78,"minecraft:interact_with_crafting_table":25,"minecraft:leave_game":6,"minecraft:time_since_death":31566,"minecraft:sprint_one_cm":589151,"minecraft:walk_one_cm":160153,"minecraft:damage_blocked_by_shield":2426,"minecraft:drop":106,"minecraft:talked_to_villager":3,"minecraft:play_time":171554,"minecraft:deaths":8,"minecraft:sneak_time":19038,"minecraft:walk_under_water_one_cm":19486,"minecraft:jump":5438,"minecraft:interact_with_blast_furnace":1,"minecraft:walk_on_water_one_cm":32980,"minecraft:total_world_time":171554,"minecraft:interact_with_furnace":78,"minecraft:interact_with_grindstone":1,"minecraft:sleep_in_bed":4,"minecraft:time_since_rest":13443,"minecraft:damage_taken":4519,"minecraft:damage_dealt":14664,"minecraft:fly_one_cm":1132750,"minecraft:swim_one_cm":51560,"minecraft:player_kills":1,"minecraft:open_chest":29,"minecraft:crouch_one_cm":55814,"minecraft:fall_one_cm":161406},"minecraft:killed":{"minecraft:spider":7,"minecraft:skeleton":11,"minecraft:drowned":2,"minecraft:pig":7,"minecraft:iron_golem":3,"minecraft:creeper":2,"minecraft:polar_bear":1,"minecraft:sheep":1,"minecraft:zombie":25,"minecraft:enderman":1,"minecraft:cow":5},"minecraft:broken":{"minecraft:iron_pickaxe":1,"minecraft:golden_chestplate":1},"minecraft:crafted":{"minecraft:wooden_sword":1,"minecraft:oak_planks":92,"minecraft:oak_sign":3,"minecraft:furnace":3,"minecraft:diamond_helmet":1,"minecraft:diamond_leggings":1,"minecraft:iron_boots":1,"minecraft:stone_pickaxe":1,"minecraft:chest":2,"minecraft:diamond_boots":1,"minecraft:wheat":522,"minecraft:sugar":7,"minecraft:diamond_sword":1,"minecraft:diamond_axe":1,"minecraft:crafting_table":3,"minecraft:wooden_pickaxe":1,"minecraft:iron_helmet":1,"minecraft:iron_sword":1,"minecraft:fletching_table":1,"minecraft:bucket":1,"minecraft:stone_axe":1,"minecraft:bread":175,"minecraft:air":0,"minecraft:diamond_pickaxe":1,"minecraft:shield":1,"minecraft:stick":20,"minecraft:iron_ingot":160,"minecraft:iron_pickaxe":2,"minecraft:wooden_axe":1,"minecraft:iron_leggings":1,"minecraft:gold_ingot":138,"minecraft:diamond_chestplate":1},"minecraft:picked_up":{"minecraft:crafting_table":10,"minecraft:wheat":2,"minecraft:gold_block":1,"minecraft:string":7,"minecraft:red_bed":1,"minecraft:raw_copper":4,"minecraft:iron_leggings":1,"minecraft:cobbled_deepslate":92,"minecraft:beef":8,"minecraft:redstone_torch":1,"minecraft:poppy":7,"minecraft:sugar_cane":22,"minecraft:iron_boots":1,"minecraft:egg":2,"minecraft:stick":2,"minecraft:raw_iron":159,"minecraft:sandstone":1,"minecraft:oak_door":5,"minecraft:porkchop":14,"minecraft:golden_chestplate":1,"minecraft:rotten_flesh":12,"minecraft:arrow":12,"minecraft:hay_block":60,"minecraft:mutton":1,"minecraft:cobblestone":71,"minecraft:white_wool":1,"minecraft:pink_petals":5,"minecraft:water_bucket":1,"minecraft:leather":2,"minecraft:potato":1,"minecraft:flint":3,"minecraft:tuff":6,"minecraft:oak_log":23,"minecraft:yellow_bed":2,"minecraft:lapis_lazuli":66,"minecraft:dirt":43,"minecraft:bone":8,"minecraft:apple":1,"minecraft:bow":1,"minecraft:wheat_seeds":29,"minecraft:raw_gold":132,"minecraft:iron_ingot":15,"minecraft:stone_pickaxe":1,"minecraft:oak_planks":3,"minecraft:gravel":13,"minecraft:sand":10,"minecraft:spider_eye":6,"minecraft:diamond":50,"minecraft:iron_helmet":1,"minecraft:oak_sapling":1,"minecraft:oak_leaves":1,"minecraft:coal":102,"minecraft:sunflower":2},"minecraft:used":{"minecraft:oak_sign":1,"minecraft:chest":2,"minecraft:shield":45,"minecraft:iron_sword":168,"minecraft:dirt":37,"minecraft:mutton":1,"minecraft:tuff":2,"minecraft:wooden_axe":21,"minecraft:bow":7,"minecraft:hay_block":2,"minecraft:furnace":3,"minecraft:egg":2,"minecraft:potato":13,"minecraft:cobbled_deepslate":62,"minecraft:wheat_seeds":1,"minecraft:water_bucket":65,"minecraft:oak_planks":18,"minecraft:wooden_pickaxe":4,"minecraft:fletching_table":1,"minecraft:diamond_axe":23,"minecraft:crafting_table":13,"minecraft:red_bed":1,"minecraft:redstone_torch":1,"minecraft:diamond_pickaxe":223,"minecraft:bread":69,"minecraft:iron_pickaxe":350,"minecraft:gravel":13,"minecraft:stone_axe":18,"minecraft:pink_petals":5,"minecraft:diamond_sword":47,"minecraft:wooden_sword":10,"minecraft:cobblestone":35,"minecraft:bucket":66,"minecraft:yellow_bed":2},"minecraft:dropped":{"minecraft:water_bucket":1,"minecraft:bread":10,"minecraft:iron_sword":1,"minecraft:wheat_seeds":28,"minecraft:lapis_lazuli":2,"minecraft:iron_helmet":2,"minecraft:cobblestone":1,"minecraft:leather":2,"minecraft:apple":1,"minecraft:coal":1,"minecraft:flint":1,"minecraft:dirt":6,"minecraft:wooden_axe":1,"minecraft:iron_leggings":2,"minecraft:wooden_sword":1,"minecraft:sunflower":2,"minecraft:sand":10,"minecraft:sugar":7,"minecraft:string":7,"minecraft:white_wool":1,"minecraft:bone":7,"minecraft:oak_door":5,"minecraft:stone_axe":1,"minecraft:sugar_cane":15,"minecraft:iron_nugget":6,"minecraft:golden_chestplate":2,"minecraft:cobbled_deepslate":25,"minecraft:raw_copper":4,"minecraft:tuff":4,"minecraft:wheat":3,"minecraft:rotten_flesh":12,"minecraft:iron_boots":2,"minecraft:oak_sign":2,"minecraft:filled_map":1,"minecraft:poppy":7,"minecraft:oak_sapling":1,"minecraft:spider_eye":6,"minecraft:sandstone":1,"minecraft:wooden_pickaxe":1,"minecraft:stone_pickaxe":2,"minecraft:oak_leaves":1}},"DataVersion":4082}