{"stats":{"minecraft:killed_by":{"minecraft:spider":1,"minecraft:iron_golem":1,"minecraft:zombie":1},"minecraft:mined":{"minecraft:tuff":5,"minecraft:white_bed":1,"minecraft:deepslate_diamond_ore":57,"minecraft:oak_door":4,"minecraft:granite":1,"minecraft:grass_block":16,"minecraft:spruce_leaves":1,"minecraft:sandstone":3,"minecraft:tuff_bricks":3,"minecraft:spawner":1,"minecraft:large_fern":1,"minecraft:hay_block":60,"minecraft:tall_seagrass":4,"minecraft:iron_ore":73,"minecraft:cobbled_deepslate":15,"minecraft:deepslate_lapis_ore":10,"minecraft:gold_block":1,"minecraft:dirt_path":13,"minecraft:deepslate_iron_ore":167,"minecraft:stone":69,"minecraft:glass_pane":10,"minecraft:red_bed":1,"minecraft:crafting_table":10,"minecraft:short_grass":220,"minecraft:poppy":1,"minecraft:cobblestone":13,"minecraft:tall_grass":43,"minecraft:deepslate_coal_ore":1,"minecraft:deepslate_gold_ore":163,"minecraft:oak_planks":3,"minecraft:sugar_cane":9,"minecraft:diorite":3,"minecraft:pink_petals":2,"minecraft:seagrass":1,"minecraft:redstone_torch":1,"minecraft:wheat":3,"minecraft:ice":3,"minecraft:yellow_bed":2,"minecraft:oak_log":17,"minecraft:coal_ore":157,"minecraft:sunflower":2,"minecraft:gravel":20,"minecraft:sand":10,"minecraft:dirt":1,"minecraft:cobweb":1,"minecraft:gold_ore":28,"minecraft:deepslate":81},"minecraft:custom":{"minecraft:mob_kills":104,"minecraft:interact_with_crafting_table":25,"minecraft:leave_game":7,"minecraft:time_since_death":1883,"minecraft:sprint_one_cm":691945,"minecraft:walk_one_cm":200759,"minecraft:damage_blocked_by_shield":2949,"minecraft:drop":129,"minecraft:talked_to_villager":4,"minecraft:play_time":224908,"minecraft:deaths":9,"minecraft:sneak_time":26431,"minecraft:walk_under_water_one_cm":21242,"minecraft:jump":6504,"minecraft:interact_with_blast_furnace":1,"minecraft:walk_on_water_one_cm":39279,"minecraft:total_world_time":224908,"minecraft:interact_with_furnace":98,"minecraft:interact_with_grindstone":1,"minecraft:sleep_in_bed":5,"minecraft:time_since_rest":2002,"minecraft:damage_taken":5639,"minecraft:damage_dealt":19693,"minecraft:fly_one_cm":1295074,"minecraft:swim_one_cm":56866,"minecraft:player_kills":1,"minecraft:open_chest":35,"minecraft:crouch_one_cm":77311,"minecraft:fall_one_cm":196240},"minecraft:killed":{"minecraft:spider":11,"minecraft:skeleton":19,"minecraft:drowned":2,"minecraft:pig":7,"minecraft:zombie_villager":1,"minecraft:iron_golem":3,"minecraft:creeper":2,"minecraft:polar_bear":1,"minecraft:sheep":1,"minecraft:zombie":35,"minecraft:enderman":1,"minecraft:cow":5},"minecraft:broken":{"minecraft:iron_pickaxe":1,"minecraft:golden_chestplate":1},"minecraft:crafted":{"minecraft:wooden_sword":1,"minecraft:oak_planks":92,"minecraft:oak_sign":3,"minecraft:furnace":3,"minecraft:diamond_helmet":1,"minecraft:diamond_leggings":1,"minecraft:iron_boots":1,"minecraft:stone_pickaxe":1,"minecraft:chest":2,"minecraft:diamond_boots":1,"minecraft:wheat":522,"minecraft:sugar":7,"minecraft:diamond_sword":1,"minecraft:diamond_axe":1,"minecraft:crafting_table":3,"minecraft:wooden_pickaxe":1,"minecraft:iron_helmet":1,"minecraft:iron_sword":1,"minecraft:fletching_table":1,"minecraft:bucket":1,"minecraft:stone_axe":1,"minecraft:bread":175,"minecraft:air":0,"minecraft:diamond_pickaxe":1,"minecraft:shield":1,"minecraft:stick":20,"minecraft:iron_ingot":160,"minecraft:iron_pickaxe":2,"minecraft:wooden_axe":1,"minecraft:iron_leggings":1,"minecraft:gold_ingot":141,"minecraft:diamond_chestplate":1},"minecraft:picked_up":{"minecraft:crafting_table":10,"minecraft:wheat":2,"minecraft:gold_block":1,"minecraft:string":13,"minecraft:red_bed":1,"minecraft:raw_copper":4,"minecraft:iron_leggings":1,"minecraft:cobbled_deepslate":138,"minecraft:beef":8,"minecraft:redstone_torch":1,"minecraft:poppy":7,"minecraft:sugar_cane":22,"minecraft:iron_boots":1,"minecraft:egg":2,"minecraft:stick":2,"minecraft:raw_iron":261,"minecraft:sandstone":1,"minecraft:oak_door":5,"minecraft:porkchop":14,"minecraft:diorite":3,"minecraft:golden_chestplate":1,"minecraft:arrow":16,"minecraft:rotten_flesh":19,"minecraft:hay_block":60,"minecraft:mutton":1,"minecraft:cobblestone":83,"minecraft:white_wool":1,"minecraft:pink_petals":5,"minecraft:glow_ink_sac":1,"minecraft:water_bucket":1,"minecraft:leather":2,"minecraft:potato":1,"minecraft:flint":3,"minecraft:tuff":7,"minecraft:oak_log":23,"minecraft:yellow_bed":2,"minecraft:lapis_lazuli":66,"minecraft:dirt":43,"minecraft:bone":10,"minecraft:apple":1,"minecraft:bow":1,"minecraft:wheat_seeds":38,"minecraft:raw_gold":205,"minecraft:iron_ingot":15,"minecraft:stone_pickaxe":1,"minecraft:oak_planks":3,"minecraft:sand":10,"minecraft:gravel":37,"minecraft:spider_eye":6,"minecraft:diamond":61,"minecraft:iron_helmet":1,"minecraft:oak_sapling":1,"minecraft:oak_leaves":1,"minecraft:coal":174,"minecraft:sunflower":2},"minecraft:used":{"minecraft:oak_sign":1,"minecraft:chest":2,"minecraft:shield":57,"minecraft:iron_sword":168,"minecraft:dirt":37,"minecraft:mutton":1,"minecraft:tuff":2,"minecraft:wooden_axe":21,"minecraft:lava_bucket":1,"minecraft:bow":14,"minecraft:hay_block":2,"minecraft:furnace":3,"minecraft:egg":2,"minecraft:potato":13,"minecraft:cobbled_deepslate":103,"minecraft:wheat_seeds":1,"minecraft:water_bucket":86,"minecraft:oak_planks":18,"minecraft:wooden_pickaxe":4,"minecraft:fletching_table":1,"minecraft:diamond_axe":37,"minecraft:crafting_table":13,"minecraft:red_bed":1,"minecraft:redstone_torch":1,"minecraft:diamond_pickaxe":500,"minecraft:bread":88,"minecraft:iron_pickaxe":350,"minecraft:gravel":27,"minecraft:stone_axe":18,"minecraft:pink_petals":5,"minecraft:diamond_sword":110,"minecraft:wooden_sword":10,"minecraft:cobblestone":52,"minecraft:bucket":88,"minecraft:yellow_bed":2},"minecraft:dropped":{"minecraft:water_bucket":1,"minecraft:bread":10,"minecraft:iron_sword":1,"minecraft:wheat_seeds":37,"minecraft:lapis_lazuli":2,"minecraft:glow_ink_sac":1,"minecraft:iron_helmet":2,"minecraft:cobblestone":1,"minecraft:leather":2,"minecraft:apple":1,"minecraft:coal":1,"minecraft:flint":1,"minecraft:dirt":6,"minecraft:diorite":3,"minecraft:wooden_axe":1,"minecraft:iron_leggings":2,"minecraft:wooden_sword":1,"minecraft:sunflower":2,"minecraft:sand":10,"minecraft:sugar":7,"minecraft:string":13,"minecraft:white_wool":1,"minecraft:bone":9,"minecraft:oak_door":5,"minecraft:gravel":10,"minecraft:stone_axe":1,"minecraft:sugar_cane":15,"minecraft:iron_nugget":6,"minecraft:golden_chestplate":2,"minecraft:cobbled_deepslate":25,"minecraft:raw_copper":4,"minecraft:tuff":5,"minecraft:wheat":3,"minecraft:rotten_flesh":19,"minecraft:iron_boots":2,"minecraft:oak_sign":2,"minecraft:filled_map":1,"minecraft:poppy":7,"minecraft:oak_sapling":1,"minecraft:spider_eye":6,"minecraft:sandstone":1,"minecraft:wooden_pickaxe":1,"minecraft:stone_pickaxe":2,"minecraft:oak_leaves":1}},"DataVersion":4082}