{"stats":{"minecraft:killed":{"minecraft:spider":6,"minecraft:skeleton":9,"minecraft:pig":3,"minecraft:iron_golem":3,"minecraft:sheep":1,"minecraft:zombie":21,"minecraft:enderman":1,"minecraft:cow":5},"minecraft:custom":{"minecraft:mob_kills":52,"minecraft:interact_with_crafting_table":14,"minecraft:leave_game":4,"minecraft:time_since_death":31214,"minecraft:sprint_one_cm":288412,"minecraft:walk_one_cm":72452,"minecraft:damage_blocked_by_shield":2252,"minecraft:drop":74,"minecraft:talked_to_villager":1,"minecraft:play_time":91138,"minecraft:deaths":4,"minecraft:sneak_time":12725,"minecraft:walk_under_water_one_cm":9036,"minecraft:jump":2894,"minecraft:interact_with_blast_furnace":1,"minecraft:walk_on_water_one_cm":23819,"minecraft:total_world_time":91138,"minecraft:interact_with_grindstone":1,"minecraft:sleep_in_bed":3,"minecraft:time_since_rest":28831,"minecraft:damage_taken":2874,"minecraft:damage_dealt":11586,"minecraft:swim_one_cm":18601,"minecraft:fly_one_cm":579316,"minecraft:open_chest":9,"minecraft:crouch_one_cm":35503,"minecraft:fall_one_cm":95132},"minecraft:picked_up":{"minecraft:crafting_table":9,"minecraft:wheat":2,"minecraft:gold_block":1,"minecraft:string":4,"minecraft:raw_copper":4,"minecraft:iron_leggings":1,"minecraft:cobbled_deepslate":74,"minecraft:beef":8,"minecraft:poppy":7,"minecraft:sugar_cane":19,"minecraft:iron_boots":1,"minecraft:egg":2,"minecraft:raw_iron":71,"minecraft:sandstone":1,"minecraft:porkchop":6,"minecraft:golden_chestplate":1,"minecraft:rotten_flesh":10,"minecraft:arrow":6,"minecraft:hay_block":42,"minecraft:mutton":1,"minecraft:cobblestone":32,"minecraft:white_wool":1,"minecraft:pink_petals":5,"minecraft:water_bucket":1,"minecraft:leather":2,"minecraft:potato":1,"minecraft:tuff":5,"minecraft:oak_log":9,"minecraft:yellow_bed":2,"minecraft:lapis_lazuli":66,"minecraft:dirt":29,"minecraft:bone":4,"minecraft:bow":1,"minecraft:wheat_seeds":18,"minecraft:raw_gold":95,"minecraft:iron_ingot":15,"minecraft:stone_pickaxe":1,"minecraft:sand":10,"minecraft:spider_eye":5,"minecraft:diamond":38,"minecraft:iron_helmet":1,"minecraft:coal":55,"minecraft:sunflower":2},"minecraft:broken":{"minecraft:iron_pickaxe":1,"minecraft:golden_chestplate":1},"minecraft:mined":{"minecraft:tuff":3,"minecraft:deepslate_diamond_ore":36,"minecraft:granite":1,"minecraft:grass_block":15,"minecraft:sandstone":3,"minecraft:hay_block":42,"minecraft:iron_ore":10,"minecraft:cobbled_deepslate":5,"minecraft:deepslate_lapis_ore":10,"minecraft:gold_block":1,"minecraft:deepslate_iron_ore":58,"minecraft:stone":30,"minecraft:crafting_table":9,"minecraft:short_grass":68,"minecraft:poppy":1,"minecraft:cobblestone":4,"minecraft:tall_grass":5,"minecraft:deepslate_gold_ore":86,"minecraft:sugar_cane":8,"minecraft:pink_petals":2,"minecraft:wheat":3,"minecraft:yellow_bed":2,"minecraft:oak_log":9,"minecraft:coal_ore":55,"minecraft:dirt":1,"minecraft:sunflower":2,"minecraft:sand":10,"minecraft:gold_ore":4,"minecraft:deepslate":47},"minecraft:killed_by":{"minecraft:iron_golem":1,"minecraft:zombie":1},"minecraft:used":{"minecraft:shield":42,"minecraft:iron_sword":168,"minecraft:dirt":23,"minecraft:mutton":1,"minecraft:tuff":2,"minecraft:wooden_axe":21,"minecraft:bow":4,"minecraft:hay_block":2,"minecraft:egg":2,"minecraft:potato":13,"minecraft:cobbled_deepslate":31,"minecraft:wheat_seeds":1,"minecraft:water_bucket":32,"minecraft:wooden_pickaxe":4,"minecraft:crafting_table":11,"minecraft:bread":41,"minecraft:iron_pickaxe":350,"minecraft:stone_axe":18,"minecraft:pink_petals":5,"minecraft:diamond_sword":3,"minecraft:wooden_sword":10,"minecraft:cobblestone":17,"minecraft:bucket":33,"minecraft:yellow_bed":2},"minecraft:crafted":{"minecraft:wooden_sword":1,"minecraft:oak_planks":36,"minecraft:furnace":1,"minecraft:diamond_helmet":1,"minecraft:diamond_leggings":1,"minecraft:iron_boots":1,"minecraft:stone_pickaxe":1,"minecraft:diamond_boots":1,"minecraft:wheat":360,"minecraft:sugar":7,"minecraft:diamond_sword":1,"minecraft:diamond_axe":1,"minecraft:crafting_table":2,"minecraft:wooden_pickaxe":1,"minecraft:iron_helmet":1,"minecraft:iron_sword":1,"minecraft:bucket":1,"minecraft:stone_axe":1,"minecraft:bread":122,"minecraft:diamond_pickaxe":1,"minecraft:shield":1,"minecraft:stick":20,"minecraft:iron_ingot":1,"minecraft:iron_pickaxe":2,"minecraft:wooden_axe":1,"minecraft:iron_leggings":1,"minecraft:gold_ingot":9,"minecraft:diamond_chestplate":1},"minecraft:dropped":{"minecraft:water_bucket":1,"minecraft:iron_sword":1,"minecraft:wheat_seeds":17,"minecraft:lapis_lazuli":2,"minecraft:iron_helmet":1,"minecraft:cobblestone":1,"minecraft:leather":2,"minecraft:dirt":6,"minecraft:wooden_axe":1,"minecraft:iron_leggings":1,"minecraft:wooden_sword":1,"minecraft:sunflower":2,"minecraft:sand":10,"minecraft:sugar":7,"minecraft:string":4,"minecraft:white_wool":1,"minecraft:bone":4,"minecraft:stone_axe":1,"minecraft:sugar_cane":12,"minecraft:iron_nugget":6,"minecraft:golden_chestplate":2,"minecraft:cobbled_deepslate":25,"minecraft:raw_copper":4,"minecraft:tuff":3,"minecraft:rotten_flesh":10,"minecraft:iron_boots":1,"minecraft:filled_map":1,"minecraft:poppy":7,"minecraft:spider_eye":5,"minecraft:sandstone":1,"minecraft:stone_pickaxe":2,"minecraft:wooden_pickaxe":1}},"DataVersion":4082}