{"stats":{"minecraft:killed_by":{"minecraft:iron_golem":1,"minecraft:zombie":1},"minecraft:mined":{"minecraft:tuff":4,"minecraft:white_bed":1,"minecraft:deepslate_diamond_ore":46,"minecraft:granite":1,"minecraft:grass_block":16,"minecraft:spruce_leaves":1,"minecraft:sandstone":3,"minecraft:spawner":1,"minecraft:large_fern":1,"minecraft:hay_block":60,"minecraft:iron_ore":54,"minecraft:cobbled_deepslate":10,"minecraft:deepslate_lapis_ore":10,"minecraft:gold_block":1,"minecraft:deepslate_iron_ore":95,"minecraft:stone":46,"minecraft:red_bed":1,"minecraft:crafting_table":10,"minecraft:short_grass":70,"minecraft:poppy":1,"minecraft:cobblestone":5,"minecraft:tall_grass":6,"minecraft:deepslate_gold_ore":113,"minecraft:sugar_cane":8,"minecraft:pink_petals":2,"minecraft:redstone_torch":1,"minecraft:wheat":3,"minecraft:ice":3,"minecraft:yellow_bed":2,"minecraft:oak_log":12,"minecraft:coal_ore":98,"minecraft:dirt":1,"minecraft:sunflower":2,"minecraft:sand":10,"minecraft:cobweb":1,"minecraft:gold_ore":9,"minecraft:deepslate":56},"minecraft:custom":{"minecraft:mob_kills":67,"minecraft:interact_with_crafting_table":15,"minecraft:leave_game":5,"minecraft:time_since_death":2793,"minecraft:sprint_one_cm":468647,"minecraft:walk_one_cm":108167,"minecraft:damage_blocked_by_shield":2426,"minecraft:drop":89,"minecraft:talked_to_villager":1,"minecraft:play_time":127137,"minecraft:deaths":6,"minecraft:sneak_time":17807,"minecraft:walk_under_water_one_cm":16681,"minecraft:jump":4360,"minecraft:interact_with_blast_furnace":1,"minecraft:walk_on_water_one_cm":29467,"minecraft:total_world_time":127137,"minecraft:interact_with_furnace":1,"minecraft:interact_with_grindstone":1,"minecraft:sleep_in_bed":3,"minecraft:time_since_rest":2815,"minecraft:damage_taken":3686,"minecraft:damage_dealt":13442,"minecraft:player_kills":1,"minecraft:swim_one_cm":30020,"minecraft:fly_one_cm":887782,"minecraft:open_chest":9,"minecraft:crouch_one_cm":51234,"minecraft:fall_one_cm":129531},"minecraft:killed":{"minecraft:spider":6,"minecraft:skeleton":11,"minecraft:drowned":1,"minecraft:pig":3,"minecraft:iron_golem":3,"minecraft:polar_bear":1,"minecraft:sheep":1,"minecraft:zombie":24,"minecraft:enderman":1,"minecraft:cow":5},"minecraft:broken":{"minecraft:iron_pickaxe":1,"minecraft:golden_chestplate":1},"minecraft:crafted":{"minecraft:wooden_sword":1,"minecraft:oak_planks":72,"minecraft:furnace":1,"minecraft:diamond_helmet":1,"minecraft:diamond_leggings":1,"minecraft:iron_boots":1,"minecraft:stone_pickaxe":1,"minecraft:diamond_boots":1,"minecraft:wheat":522,"minecraft:sugar":7,"minecraft:diamond_sword":1,"minecraft:diamond_axe":1,"minecraft:crafting_table":3,"minecraft:wooden_pickaxe":1,"minecraft:iron_helmet":1,"minecraft:iron_sword":1,"minecraft:bucket":1,"minecraft:stone_axe":1,"minecraft:bread":175,"minecraft:diamond_pickaxe":1,"minecraft:shield":1,"minecraft:stick":20,"minecraft:iron_ingot":1,"minecraft:iron_pickaxe":2,"minecraft:wooden_axe":1,"minecraft:iron_leggings":1,"minecraft:gold_ingot":9,"minecraft:diamond_chestplate":1},"minecraft:picked_up":{"minecraft:crafting_table":10,"minecraft:wheat":2,"minecraft:gold_block":1,"minecraft:string":6,"minecraft:red_bed":1,"minecraft:raw_copper":4,"minecraft:iron_leggings":1,"minecraft:cobbled_deepslate":90,"minecraft:beef":8,"minecraft:redstone_torch":1,"minecraft:poppy":7,"minecraft:sugar_cane":19,"minecraft:iron_boots":1,"minecraft:egg":2,"minecraft:stick":2,"minecraft:raw_iron":159,"minecraft:sandstone":1,"minecraft:porkchop":6,"minecraft:golden_chestplate":1,"minecraft:rotten_flesh":12,"minecraft:arrow":12,"minecraft:hay_block":60,"minecraft:mutton":1,"minecraft:cobblestone":50,"minecraft:white_wool":1,"minecraft:pink_petals":5,"minecraft:water_bucket":1,"minecraft:leather":2,"minecraft:potato":1,"minecraft:tuff":6,"minecraft:oak_log":18,"minecraft:yellow_bed":2,"minecraft:lapis_lazuli":66,"minecraft:dirt":30,"minecraft:bone":8,"minecraft:apple":1,"minecraft:bow":1,"minecraft:wheat_seeds":18,"minecraft:raw_gold":132,"minecraft:iron_ingot":15,"minecraft:stone_pickaxe":1,"minecraft:sand":10,"minecraft:spider_eye":5,"minecraft:diamond":50,"minecraft:iron_helmet":1,"minecraft:oak_sapling":1,"minecraft:oak_leaves":1,"minecraft:coal":102,"minecraft:sunflower":2},"minecraft:used":{"minecraft:shield":45,"minecraft:iron_sword":168,"minecraft:dirt":24,"minecraft:mutton":1,"minecraft:tuff":2,"minecraft:wooden_axe":21,"minecraft:bow":6,"minecraft:hay_block":2,"minecraft:egg":2,"minecraft:potato":13,"minecraft:cobbled_deepslate":45,"minecraft:wheat_seeds":1,"minecraft:water_bucket":57,"minecraft:wooden_pickaxe":4,"minecraft:diamond_axe":6,"minecraft:crafting_table":12,"minecraft:redstone_torch":1,"minecraft:diamond_pickaxe":201,"minecraft:bread":58,"minecraft:iron_pickaxe":350,"minecraft:stone_axe":18,"minecraft:pink_petals":5,"minecraft:diamond_sword":34,"minecraft:wooden_sword":10,"minecraft:cobblestone":33,"minecraft:bucket":58,"minecraft:yellow_bed":2},"minecraft:dropped":{"minecraft:water_bucket":1,"minecraft:bread":10,"minecraft:iron_sword":1,"minecraft:wheat_seeds":17,"minecraft:lapis_lazuli":2,"minecraft:iron_helmet":2,"minecraft:cobblestone":1,"minecraft:apple":1,"minecraft:leather":2,"minecraft:coal":1,"minecraft:dirt":6,"minecraft:wooden_axe":1,"minecraft:iron_leggings":2,"minecraft:wooden_sword":1,"minecraft:sunflower":2,"minecraft:sand":10,"minecraft:sugar":7,"minecraft:string":6,"minecraft:white_wool":1,"minecraft:bone":7,"minecraft:stone_axe":1,"minecraft:sugar_cane":12,"minecraft:iron_nugget":6,"minecraft:golden_chestplate":2,"minecraft:cobbled_deepslate":25,"minecraft:raw_copper":4,"minecraft:tuff":4,"minecraft:wheat":3,"minecraft:rotten_flesh":12,"minecraft:iron_boots":2,"minecraft:filled_map":1,"minecraft:poppy":7,"minecraft:oak_sapling":1,"minecraft:spider_eye":5,"minecraft:sandstone":1,"minecraft:stone_pickaxe":2,"minecraft:wooden_pickaxe":1,"minecraft:oak_leaves":1}},"DataVersion":4082}