{"stats":{"minecraft:killed":{"minecraft:spider":11,"minecraft:skeleton":21,"minecraft:bee":2,"minecraft:drowned":2,"minecraft:pig":7,"minecraft:zombie_villager":1,"minecraft:iron_golem":3,"minecraft:creeper":3,"minecraft:polar_bear":1,"minecraft:sheep":1,"minecraft:zombie":36,"minecraft:enderman":1,"minecraft:cow":5},"minecraft:custom":{"minecraft:mob_kills":110,"minecraft:interact_with_crafting_table":40,"minecraft:leave_game":9,"minecraft:time_since_death":31528,"minecraft:sprint_one_cm":748523,"minecraft:walk_one_cm":241642,"minecraft:damage_blocked_by_shield":2978,"minecraft:drop":150,"minecraft:talked_to_villager":13,"minecraft:play_time":254553,"minecraft:deaths":9,"minecraft:sneak_time":31461,"minecraft:walk_under_water_one_cm":21400,"minecraft:jump":6975,"minecraft:interact_with_blast_furnace":1,"minecraft:walk_on_water_one_cm":40819,"minecraft:total_world_time":254553,"minecraft:interact_with_furnace":137,"minecraft:traded_with_villager":14,"minecraft:interact_with_grindstone":1,"minecraft:sleep_in_bed":7,"minecraft:time_since_rest":9537,"minecraft:damage_taken":5676,"minecraft:damage_dealt":20787,"minecraft:fly_one_cm":1383617,"minecraft:swim_one_cm":61493,"minecraft:player_kills":1,"minecraft:open_chest":72,"minecraft:crouch_one_cm":101340,"minecraft:fall_one_cm":206992},"minecraft:picked_up":{"minecraft:crafting_table":10,"minecraft:wheat":2,"minecraft:oak_stairs":4,"minecraft:gold_block":3,"minecraft:string":13,"minecraft:red_bed":1,"minecraft:raw_copper":32,"minecraft:iron_leggings":1,"minecraft:cobbled_deepslate":147,"minecraft:beef":8,"minecraft:redstone_torch":1,"minecraft:poppy":7,"minecraft:sugar_cane":25,"minecraft:egg":2,"minecraft:iron_boots":1,"minecraft:stick":9,"minecraft:raw_iron":261,"minecraft:sandstone":1,"minecraft:oak_door":5,"minecraft:porkchop":14,"minecraft:diorite":3,"minecraft:golden_chestplate":1,"minecraft:arrow":16,"minecraft:rotten_flesh":20,"minecraft:hay_block":60,"minecraft:mutton":1,"minecraft:cobblestone":223,"minecraft:white_wool":1,"minecraft:pink_petals":5,"minecraft:glow_ink_sac":1,"minecraft:water_bucket":1,"minecraft:leather":2,"minecraft:potato":1,"minecraft:flint":3,"minecraft:tuff":7,"minecraft:oak_log":77,"minecraft:yellow_bed":2,"minecraft:gunpowder":1,"minecraft:lapis_lazuli":66,"minecraft:dirt":285,"minecraft:bone":10,"minecraft:apple":3,"minecraft:bow":1,"minecraft:raw_gold":205,"minecraft:wheat_seeds":66,"minecraft:iron_ingot":15,"minecraft:stone_pickaxe":1,"minecraft:fletching_table":1,"minecraft:oak_planks":4,"minecraft:sand":10,"minecraft:gravel":37,"minecraft:spider_eye":6,"minecraft:diamond":61,"minecraft:iron_helmet":1,"minecraft:oak_sapling":28,"minecraft:oak_leaves":5,"minecraft:coal":178,"minecraft:sunflower":2},"minecraft:broken":{"minecraft:iron_pickaxe":1,"minecraft:golden_chestplate":1},"minecraft:mined":{"minecraft:tuff":5,"minecraft:white_bed":1,"minecraft:deepslate_diamond_ore":57,"minecraft:oak_door":4,"minecraft:granite":1,"minecraft:grass_block":126,"minecraft:spruce_leaves":1,"minecraft:sandstone":3,"minecraft:tuff_bricks":3,"minecraft:spawner":1,"minecraft:large_fern":1,"minecraft:hay_block":60,"minecraft:tall_seagrass":4,"minecraft:iron_ore":73,"minecraft:cobbled_deepslate":24,"minecraft:fletching_table":1,"minecraft:deepslate_lapis_ore":10,"minecraft:gold_block":3,"minecraft:dirt_path":35,"minecraft:deepslate_iron_ore":167,"minecraft:oak_stairs":4,"minecraft:stone":194,"minecraft:glass_pane":10,"minecraft:red_bed":1,"minecraft:crafting_table":10,"minecraft:short_grass":232,"minecraft:poppy":1,"minecraft:cobblestone":13,"minecraft:copper_ore":4,"minecraft:tall_grass":43,"minecraft:deepslate_coal_ore":1,"minecraft:deepslate_gold_ore":163,"minecraft:oak_planks":4,"minecraft:sugar_cane":10,"minecraft:diorite":3,"minecraft:pink_petals":2,"minecraft:seagrass":1,"minecraft:wheat":3,"minecraft:redstone_torch":1,"minecraft:ice":3,"minecraft:bee_nest":1,"minecraft:yellow_bed":2,"minecraft:oak_log":18,"minecraft:coal_ore":161,"minecraft:sunflower":2,"minecraft:gravel":20,"minecraft:sand":10,"minecraft:dirt":81,"minecraft:cobweb":1,"minecraft:gold_ore":28,"minecraft:deepslate":81},"minecraft:killed_by":{"minecraft:spider":1,"minecraft:iron_golem":1,"minecraft:zombie":1},"minecraft:used":{"minecraft:oak_sign":1,"minecraft:chest":3,"minecraft:shield":58,"minecraft:iron_sword":168,"minecraft:dirt":139,"minecraft:mutton":1,"minecraft:tuff":2,"minecraft:wooden_axe":21,"minecraft:lava_bucket":1,"minecraft:iron_block":29,"minecraft:oak_stairs":1,"minecraft:bow":14,"minecraft:hay_block":2,"minecraft:oak_sapling":27,"minecraft:furnace":3,"minecraft:gold_block":25,"minecraft:egg":2,"minecraft:potato":13,"minecraft:cobbled_deepslate":120,"minecraft:wheat_seeds":1,"minecraft:water_bucket":88,"minecraft:oak_planks":19,"minecraft:wooden_pickaxe":4,"minecraft:fletching_table":2,"minecraft:diamond_axe":49,"minecraft:crafting_table":13,"minecraft:red_bed":1,"minecraft:redstone_torch":1,"minecraft:diamond_pickaxe":646,"minecraft:diamond_shovel":203,"minecraft:bread":92,"minecraft:iron_pickaxe":350,"minecraft:gravel":27,"minecraft:stone_axe":18,"minecraft:pink_petals":5,"minecraft:diamond_sword":122,"minecraft:wooden_sword":10,"minecraft:cobblestone":52,"minecraft:bucket":90,"minecraft:yellow_bed":2},"minecraft:crafted":{"minecraft:wooden_sword":1,"minecraft:oak_planks":308,"minecraft:oak_sign":3,"minecraft:furnace":3,"minecraft:diamond_shovel":1,"minecraft:diamond_block":2,"minecraft:diamond_helmet":1,"minecraft:diamond_leggings":1,"minecraft:iron_boots":1,"minecraft:stone_pickaxe":1,"minecraft:chest":3,"minecraft:diamond_boots":1,"minecraft:wheat":522,"minecraft:sugar":7,"minecraft:diamond_sword":1,"minecraft:emerald":14,"minecraft:diamond_axe":1,"minecraft:crafting_table":3,"minecraft:wooden_pickaxe":1,"minecraft:iron_helmet":1,"minecraft:iron_sword":1,"minecraft:gold_block":23,"minecraft:fletching_table":1,"minecraft:bucket":1,"minecraft:stone_axe":1,"minecraft:bread":175,"minecraft:air":0,"minecraft:emerald_block":1,"minecraft:diamond_pickaxe":1,"minecraft:shield":1,"minecraft:stick":464,"minecraft:iron_ingot":262,"minecraft:iron_pickaxe":2,"minecraft:wooden_axe":1,"minecraft:iron_block":29,"minecraft:iron_leggings":1,"minecraft:gold_ingot":214,"minecraft:diamond_chestplate":1},"minecraft:dropped":{"minecraft:water_bucket":1,"minecraft:bread":10,"minecraft:iron_sword":1,"minecraft:wheat_seeds":65,"minecraft:lapis_lazuli":2,"minecraft:glow_ink_sac":1,"minecraft:iron_helmet":2,"minecraft:cobblestone":5,"minecraft:leather":2,"minecraft:apple":1,"minecraft:coal":1,"minecraft:flint":1,"minecraft:dirt":6,"minecraft:diorite":3,"minecraft:wooden_axe":1,"minecraft:iron_leggings":2,"minecraft:oak_stairs":3,"minecraft:wooden_sword":1,"minecraft:sunflower":2,"minecraft:sand":10,"minecraft:sugar":7,"minecraft:string":13,"minecraft:white_wool":1,"minecraft:bone":9,"minecraft:oak_door":5,"minecraft:gravel":10,"minecraft:stone_axe":1,"minecraft:sugar_cane":15,"minecraft:iron_nugget":6,"minecraft:golden_chestplate":2,"minecraft:cobbled_deepslate":25,"minecraft:raw_copper":32,"minecraft:tuff":5,"minecraft:wheat":3,"minecraft:rotten_flesh":20,"minecraft:iron_boots":2,"minecraft:oak_sign":2,"minecraft:filled_map":1,"minecraft:poppy":7,"minecraft:gunpowder":1,"minecraft:oak_sapling":1,"minecraft:spider_eye":6,"minecraft:sandstone":1,"minecraft:wooden_pickaxe":1,"minecraft:stone_pickaxe":2,"minecraft:oak_leaves":1}},"DataVersion":4082}