{"stats":{"minecraft:killed_by":{"minecraft:zombie":1},"minecraft:mined":{"minecraft:yellow_bed":1,"minecraft:crafting_table":2,"minecraft:torch":1,"minecraft:short_grass":6,"minecraft:oak_log":10,"minecraft:coal_ore":3,"minecraft:chest":1,"minecraft:tall_grass":7,"minecraft:stone":23,"minecraft:wall_torch":1,"minecraft:oak_leaves":1},"minecraft:custom":{"minecraft:time_since_rest":15003,"minecraft:sprint_one_cm":53330,"minecraft:damage_taken":345,"minecraft:walk_one_cm":24341,"minecraft:mob_kills":8,"minecraft:drop":2,"minecraft:damage_dealt":669,"minecraft:swim_one_cm":7572,"minecraft:interact_with_crafting_table":2,"minecraft:fly_one_cm":107813,"minecraft:open_chest":7,"minecraft:crouch_one_cm":1510,"minecraft:play_time":29229,"minecraft:deaths":1,"minecraft:sneak_time":481,"minecraft:walk_under_water_one_cm":288,"minecraft:jump":502,"minecraft:leave_game":6,"minecraft:walk_on_water_one_cm":1447,"minecraft:time_since_death":14720,"minecraft:total_world_time":29229,"minecraft:fall_one_cm":12728},"minecraft:killed":{"minecraft:sheep":7,"minecraft:cow":1},"minecraft:crafted":{"minecraft:oak_planks":40,"minecraft:crafting_table":1,"minecraft:stick":4,"minecraft:wooden_pickaxe":1,"minecraft:stone_axe":1},"minecraft:picked_up":{"minecraft:crafting_table":2,"minecraft:torch":2,"minecraft:oak_log":10,"minecraft:yellow_bed":1,"minecraft:wheat_seeds":2,"minecraft:beef":3,"minecraft:oak_sapling":3,"minecraft:chest":1,"minecraft:mutton":11,"minecraft:coal":3,"minecraft:white_wool":7,"minecraft:cobblestone":23},"minecraft:used":{"minecraft:chest":1,"minecraft:wooden_pickaxe":26,"minecraft:stone_axe":12,"minecraft:torch":1,"minecraft:beef":3,"minecraft:crafting_table":2},"minecraft:dropped":{"minecraft:wheat_seeds":2}},"DataVersion":4082}