{"stats":{"minecraft:mined":{"minecraft:short_grass":4,"minecraft:coal_ore":3,"minecraft:oak_log":10,"minecraft:chest":1,"minecraft:tall_grass":7,"minecraft:stone":23,"minecraft:oak_leaves":1,"minecraft:yellow_bed":1,"minecraft:crafting_table":1,"minecraft:torch":1},"minecraft:custom":{"minecraft:open_chest":2,"minecraft:time_since_rest":12546,"minecraft:crouch_one_cm":736,"minecraft:sprint_one_cm":16984,"minecraft:play_time":12546,"minecraft:damage_taken":175,"minecraft:walk_one_cm":11125,"minecraft:sneak_time":200,"minecraft:drop":2,"minecraft:jump":128,"minecraft:damage_dealt":9,"minecraft:leave_game":3,"minecraft:time_since_death":12546,"minecraft:total_world_time":12546,"minecraft:fall_one_cm":2763,"minecraft:interact_with_crafting_table":1,"minecraft:fly_one_cm":30002},"minecraft:crafted":{"minecraft:oak_planks":40,"minecraft:crafting_table":1,"minecraft:stick":4,"minecraft:wooden_pickaxe":1},"minecraft:picked_up":{"minecraft:crafting_table":1,"minecraft:wheat_seeds":2,"minecraft:torch":1,"minecraft:oak_log":10,"minecraft:yellow_bed":1,"minecraft:oak_sapling":3,"minecraft:chest":1,"minecraft:coal":3,"minecraft:cobblestone":23},"minecraft:used":{"minecraft:crafting_table":1,"minecraft:wooden_pickaxe":26},"minecraft:dropped":{"minecraft:wheat_seeds":2}},"DataVersion":4082}