{"stats":{"minecraft:custom":{"minecraft:jump":58,"minecraft:open_chest":2,"minecraft:time_since_rest":152168,"minecraft:walk_on_water_one_cm":1533,"minecraft:sprint_one_cm":29533,"minecraft:leave_game":10,"minecraft:play_time":152168,"minecraft:damage_taken":50,"minecraft:time_since_death":152168,"minecraft:walk_one_cm":4687,"minecraft:sneak_time":172,"minecraft:total_world_time":152168,"minecraft:walk_under_water_one_cm":356,"minecraft:swim_one_cm":504,"minecraft:fall_one_cm":826,"minecraft:fly_one_cm":123976},"minecraft:picked_up":{"minecraft:crafting_table":1},"minecraft:mined":{"minecraft:crafting_table":1},"minecraft:used":{"minecraft:grass_block":2}},"DataVersion":4082}