{"stats":{"minecraft:custom":{"minecraft:time_since_rest":161702,"minecraft:open_chest":2,"minecraft:play_time":161702,"minecraft:sprint_one_cm":41917,"minecraft:damage_taken":50,"minecraft:walk_one_cm":21845,"minecraft:sneak_time":207,"minecraft:walk_under_water_one_cm":711,"minecraft:drop":1,"minecraft:jump":167,"minecraft:leave_game":11,"minecraft:time_since_death":161702,"minecraft:walk_on_water_one_cm":1830,"minecraft:total_world_time":161702,"minecraft:interact_with_crafting_table":2,"minecraft:swim_one_cm":504,"minecraft:fall_one_cm":2707,"minecraft:fly_one_cm":145194},"minecraft:picked_up":{"minecraft:crafting_table":2,"minecraft:dandelion":1,"minecraft:hay_block":18,"minecraft:oak_log":5,"minecraft:sugar_cane":3},"minecraft:mined":{"minecraft:short_grass":1,"minecraft:hay_block":18,"minecraft:oak_log":5,"minecraft:sugar_cane":1,"minecraft:oak_leaves":1,"minecraft:crafting_table":2},"minecraft:used":{"minecraft:wooden_axe":1,"minecraft:crafting_table":1,"minecraft:bread":3,"minecraft:grass_block":2},"minecraft:dropped":{"minecraft:dandelion":1},"minecraft:crafted":{"minecraft:oak_planks":20,"minecraft:stick":4,"minecraft:bread":54,"minecraft:wheat":162,"minecraft:wooden_axe":1}},"DataVersion":4082}