{"stats":{"minecraft:mined":{"minecraft:short_grass":1},"minecraft:custom":{"minecraft:jump":53,"minecraft:time_since_rest":334,"minecraft:leave_game":1,"minecraft:damage_dealt":30,"minecraft:crouch_one_cm":117,"minecraft:deaths":3,"minecraft:sprint_one_cm":2314,"minecraft:play_time":7086,"minecraft:damage_taken":2010,"minecraft:time_since_death":292,"minecraft:walk_one_cm":14264,"minecraft:sneak_time":141,"minecraft:total_world_time":7086,"minecraft:fall_one_cm":21440,"minecraft:fly_one_cm":208822}},"DataVersion":4082}