{"minecraft:recipes/decorations/crafting_table":{"criteria":{"unlock_right_away":"2024-11-25 17:08:09 +0000"},"done":true},"minecraft:adventure/adventuring_time":{"criteria":{"minecraft:snowy_slopes":"2024-11-25 17:30:32 +0000","minecraft:beach":"2024-11-25 17:11:38 +0000","minecraft:frozen_river":"2024-11-25 17:14:35 +0000","minecraft:river":"2024-11-25 17:12:28 +0000","minecraft:grove":"2024-11-25 17:30:33 +0000","minecraft:snowy_plains":"2024-11-25 17:31:41 +0000","minecraft:plains":"2024-11-25 17:08:10 +0000"},"done":false},"minecraft:recipes/redstone/lever":{"criteria":{"has_cobblestone":"2024-11-25 17:17:03 +0000"},"done":true},"minecraft:recipes/decorations/ladder":{"criteria":{"has_stick":"2024-11-25 17:13:30 +0000"},"done":true},"minecraft:recipes/transportation/mangrove_boat":{"criteria":{"in_water":"2024-11-25 17:12:27 +0000"},"done":true},"minecraft:recipes/decorations/torch":{"criteria":{"has_stone_pickaxe":"2024-11-25 17:19:30 +0000"},"done":true},"minecraft:recipes/misc/flower_banner_pattern":{"criteria":{"has_oxeye_daisy":"2024-11-25 17:29:23 +0000"},"done":true},"minecraft:recipes/food/cooked_beef_from_smoking":{"criteria":{"has_beef":"2024-11-25 17:12:28 +0000"},"done":true},"minecraft:recipes/food/cooked_mutton_from_smoking":{"criteria":{"has_mutton":"2024-11-25 17:11:39 +0000"},"done":true},"minecraft:recipes/building_blocks/dye_light_gray_bed":{"criteria":{"has_the_recipe":"2024-11-25 17:29:32 +0000"},"done":true},"minecraft:recipes/food/cooked_porkchop":{"criteria":{"has_porkchop":"2024-11-25 17:20:36 +0000"},"done":true},"minecraft:recipes/building_blocks/oak_slab":{"criteria":{"has_planks":"2024-11-25 17:15:28 +0000"},"done":true},"minecraft:recipes/decorations/oak_sign":{"criteria":{"has_planks":"2024-11-25 17:15:28 +0000"},"done":true},"minecraft:recipes/redstone/oak_trapdoor":{"criteria":{"has_planks":"2024-11-25 17:15:28 +0000"},"done":true},"minecraft:recipes/combat/stone_sword":{"criteria":{"has_cobblestone":"2024-11-25 17:17:03 +0000"},"done":true},"minecraft:recipes/decorations/cobblestone_wall":{"criteria":{"has_cobblestone":"2024-11-25 17:17:03 +0000"},"done":true},"minecraft:recipes/brewing/fermented_spider_eye":{"criteria":{"has_spider_eye":"2024-11-25 17:26:40 +0000"},"done":true},"minecraft:recipes/tools/stone_pickaxe":{"criteria":{"has_cobblestone":"2024-11-25 17:17:03 +0000"},"done":true},"minecraft:recipes/misc/gold_nugget_from_smelting":{"criteria":{"has_golden_sword":"2024-11-25 17:16:40 +0000"},"done":true},"minecraft:recipes/tools/stone_axe":{"criteria":{"has_cobblestone":"2024-11-25 17:17:03 +0000"},"done":true},"minecraft:recipes/food/cooked_mutton":{"criteria":{"has_mutton":"2024-11-25 17:11:39 +0000"},"done":true},"minecraft:recipes/decorations/campfire":{"criteria":{"has_stick":"2024-11-25 17:13:30 +0000"},"done":true},"minecraft:recipes/misc/sugar_from_sugar_cane":{"criteria":{"has_sugar_cane":"2024-11-25 17:21:31 +0000"},"done":true},"minecraft:recipes/tools/wooden_hoe":{"criteria":{"has_stick":"2024-11-25 17:13:30 +0000"},"done":true},"minecraft:recipes/decorations/white_banner":{"criteria":{"has_white_wool":"2024-11-25 17:11:39 +0000"},"done":true},"minecraft:recipes/combat/bow":{"criteria":{"has_string":"2024-11-25 17:26:40 +0000"},"done":true},"minecraft:recipes/redstone/oak_fence_gate":{"criteria":{"has_planks":"2024-11-25 17:15:28 +0000"},"done":true},"minecraft:story/mine_stone":{"criteria":{"get_stone":"2024-11-25 17:17:03 +0000"},"done":true},"minecraft:recipes/decorations/furnace":{"criteria":{"has_cobblestone":"2024-11-25 17:17:03 +0000"},"done":true},"minecraft:recipes/misc/charcoal":{"criteria":{"has_log":"2024-11-25 17:13:15 +0000"},"done":true},"minecraft:recipes/tools/wooden_pickaxe":{"criteria":{"has_stick":"2024-11-25 17:13:30 +0000"},"done":true},"minecraft:story/upgrade_tools":{"criteria":{"stone_pickaxe":"2024-11-25 17:19:30 +0000"},"done":true},"minecraft:recipes/tools/wooden_axe":{"criteria":{"has_stick":"2024-11-25 17:13:30 +0000"},"done":true},"minecraft:recipes/decorations/painting":{"criteria":{"has_wool":"2024-11-25 17:11:39 +0000"},"done":true},"minecraft:recipes/misc/gold_nugget_from_blasting":{"criteria":{"has_golden_sword":"2024-11-25 17:16:40 +0000"},"done":true},"minecraft:recipes/redstone/oak_pressure_plate":{"criteria":{"has_planks":"2024-11-25 17:15:28 +0000"},"done":true},"minecraft:recipes/redstone/oak_door":{"criteria":{"has_planks":"2024-11-25 17:15:28 +0000"},"done":true},"minecraft:recipes/transportation/carrot_on_a_stick":{"criteria":{"has_carrot":"2024-11-25 17:12:51 +0000"},"done":true},"minecraft:recipes/tools/fishing_rod":{"criteria":{"has_string":"2024-11-25 17:26:40 +0000"},"done":true},"minecraft:recipes/decorations/smoker":{"criteria":{"has_furnace":"2024-11-25 17:21:02 +0000"},"done":true},"minecraft:recipes/food/cooked_mutton_from_campfire_cooking":{"criteria":{"has_mutton":"2024-11-25 17:11:39 +0000"},"done":true},"minecraft:recipes/misc/pumpkin_seeds":{"criteria":{"has_pumpkin":"2024-11-25 17:20:20 +0000"},"done":true},"minecraft:recipes/decorations/chest":{"criteria":{"has_lots_of_items":"2024-11-25 17:15:31 +0000"},"done":true},"minecraft:recipes/tools/wooden_shovel":{"criteria":{"has_stick":"2024-11-25 17:13:30 +0000"},"done":true},"minecraft:recipes/misc/stick":{"criteria":{"has_planks":"2024-11-25 17:15:28 +0000"},"done":true},"minecraft:recipes/building_blocks/cobblestone_slab":{"criteria":{"has_cobblestone":"2024-11-25 17:17:03 +0000"},"done":true},"minecraft:recipes/building_blocks/cobblestone_slab_from_cobblestone_stonecutting":{"criteria":{"has_cobblestone":"2024-11-25 17:17:03 +0000"},"done":true},"minecraft:recipes/building_blocks/oak_stairs":{"criteria":{"has_planks":"2024-11-25 17:15:28 +0000"},"done":true},"minecraft:recipes/transportation/acacia_boat":{"criteria":{"in_water":"2024-11-25 17:12:27 +0000"},"done":true},"minecraft:recipes/transportation/cherry_boat":{"criteria":{"in_water":"2024-11-25 17:12:27 +0000"},"done":true},"minecraft:adventure/root":{"criteria":{"killed_something":"2024-11-25 17:12:28 +0000"},"done":true},"minecraft:recipes/building_blocks/white_wool_from_string":{"criteria":{"has_string":"2024-11-25 17:26:40 +0000"},"done":true},"minecraft:adventure/kill_all_mobs":{"criteria":{"minecraft:skeleton":"2024-11-25 17:27:09 +0000","minecraft:spider":"2024-11-25 17:26:39 +0000","minecraft:zombie":"2024-11-25 17:26:51 +0000"},"done":false},"minecraft:recipes/decorations/oak_fence":{"criteria":{"has_planks":"2024-11-25 17:15:28 +0000"},"done":true},"minecraft:recipes/food/cooked_porkchop_from_campfire_cooking":{"criteria":{"has_porkchop":"2024-11-25 17:20:36 +0000"},"done":true},"minecraft:recipes/combat/wooden_sword":{"criteria":{"has_stick":"2024-11-25 17:13:30 +0000"},"done":true},"minecraft:recipes/building_blocks/oak_planks":{"criteria":{"has_logs":"2024-11-25 17:13:15 +0000"},"done":true},"minecraft:recipes/redstone/tripwire_hook":{"criteria":{"has_string":"2024-11-25 17:26:40 +0000"},"done":true},"minecraft:recipes/misc/bone_meal":{"criteria":{"has_bone":"2024-11-25 17:27:11 +0000"},"done":true},"minecraft:recipes/combat/crossbow":{"criteria":{"has_string":"2024-11-25 17:26:40 +0000"},"done":true},"minecraft:recipes/food/cooked_porkchop_from_smoking":{"criteria":{"has_porkchop":"2024-11-25 17:20:36 +0000"},"done":true},"minecraft:adventure/kill_a_mob":{"criteria":{"minecraft:spider":"2024-11-25 17:26:39 +0000"},"done":true},"minecraft:recipes/building_blocks/stone":{"criteria":{"has_cobblestone":"2024-11-25 17:17:03 +0000"},"done":true},"minecraft:recipes/transportation/bamboo_raft":{"criteria":{"in_water":"2024-11-25 17:12:27 +0000"},"done":true},"minecraft:recipes/decorations/barrel":{"criteria":{"has_planks":"2024-11-25 17:15:28 +0000"},"done":true},"minecraft:recipes/decorations/cobblestone_wall_from_cobblestone_stonecutting":{"criteria":{"has_cobblestone":"2024-11-25 17:17:03 +0000"},"done":true},"minecraft:recipes/misc/light_gray_dye_from_oxeye_daisy":{"criteria":{"has_oxeye_daisy":"2024-11-25 17:29:23 +0000"},"done":true},"minecraft:recipes/building_blocks/cobblestone_stairs_from_cobblestone_stonecutting":{"criteria":{"has_cobblestone":"2024-11-25 17:17:03 +0000"},"done":true},"minecraft:recipes/decorations/white_bed":{"criteria":{"has_white_wool":"2024-11-25 17:11:39 +0000"},"done":true},"minecraft:recipes/decorations/candle":{"criteria":{"has_string":"2024-11-25 17:26:40 +0000"},"done":true},"minecraft:recipes/food/bread":{"criteria":{"has_wheat":"2024-11-25 17:12:47 +0000"},"done":true},"minecraft:recipes/transportation/spruce_boat":{"criteria":{"in_water":"2024-11-25 17:12:27 +0000"},"done":true},"minecraft:husbandry/balanced_diet":{"criteria":{"mutton":"2024-11-25 17:19:57 +0000","bread":"2024-11-25 17:28:28 +0000","cooked_mutton":"2024-11-25 17:22:41 +0000","beef":"2024-11-25 17:16:52 +0000"},"done":false},"minecraft:recipes/building_blocks/cobblestone_stairs":{"criteria":{"has_cobblestone":"2024-11-25 17:17:03 +0000"},"done":true},"minecraft:recipes/building_blocks/hay_block":{"criteria":{"has_wheat":"2024-11-25 17:12:47 +0000"},"done":true},"minecraft:husbandry/root":{"criteria":{"consumed_item":"2024-11-25 17:16:52 +0000"},"done":true},"minecraft:recipes/transportation/birch_boat":{"criteria":{"in_water":"2024-11-25 17:12:27 +0000"},"done":true},"minecraft:recipes/tools/stone_hoe":{"criteria":{"has_cobblestone":"2024-11-25 17:17:03 +0000"},"done":true},"minecraft:recipes/decorations/white_carpet":{"criteria":{"has_white_wool":"2024-11-25 17:11:39 +0000"},"done":true},"minecraft:recipes/transportation/oak_boat":{"criteria":{"in_water":"2024-11-25 17:12:27 +0000"},"done":true},"minecraft:recipes/misc/paper":{"criteria":{"has_reeds":"2024-11-25 17:21:31 +0000"},"done":true},"minecraft:recipes/decorations/loom":{"criteria":{"has_string":"2024-11-25 17:26:40 +0000"},"done":true},"minecraft:recipes/building_blocks/coal_block":{"criteria":{"has_coal":"2024-11-25 17:23:05 +0000"},"done":true},"minecraft:recipes/food/suspicious_stew_from_oxeye_daisy":{"criteria":{"has_oxeye_daisy":"2024-11-25 17:29:23 +0000"},"done":true},"minecraft:recipes/tools/bundle":{"criteria":{"has_string":"2024-11-25 17:26:40 +0000"},"done":true},"minecraft:recipes/tools/stone_shovel":{"criteria":{"has_cobblestone":"2024-11-25 17:17:03 +0000"},"done":true},"minecraft:recipes/building_blocks/oak_wood":{"criteria":{"has_log":"2024-11-25 17:13:15 +0000"},"done":true},"minecraft:story/root":{"criteria":{"crafting_table":"2024-11-25 17:15:31 +0000"},"done":true},"minecraft:recipes/redstone/oak_button":{"criteria":{"has_planks":"2024-11-25 17:15:28 +0000"},"done":true},"minecraft:recipes/food/cooked_beef":{"criteria":{"has_beef":"2024-11-25 17:12:28 +0000"},"done":true},"minecraft:recipes/transportation/jungle_boat":{"criteria":{"in_water":"2024-11-25 17:12:27 +0000"},"done":true},"minecraft:recipes/food/pumpkin_pie":{"criteria":{"has_pumpkin":"2024-11-25 17:20:20 +0000"},"done":true},"minecraft:recipes/transportation/dark_oak_boat":{"criteria":{"in_water":"2024-11-25 17:12:27 +0000"},"done":true},"minecraft:recipes/food/cooked_beef_from_campfire_cooking":{"criteria":{"has_beef":"2024-11-25 17:12:28 +0000"},"done":true},"DataVersion":4082}