{"minecraft:recipes/decorations/crafting_table":{"criteria":{"unlock_right_away":"2024-11-24 15:51:23 +0000"},"done":true},"minecraft:adventure/adventuring_time":{"criteria":{"minecraft:cold_ocean":"2024-11-24 16:27:18 +0000","minecraft:flower_forest":"2024-11-24 16:27:00 +0000","minecraft:beach":"2024-11-24 16:26:44 +0000","minecraft:frozen_river":"2024-11-26 20:03:15 +0000","minecraft:forest":"2024-11-24 16:26:06 +0000","minecraft:cherry_grove":"2024-11-26 16:21:45 +0000","minecraft:river":"2024-11-24 16:26:05 +0000","minecraft:snowy_plains":"2024-11-26 20:03:10 +0000","minecraft:plains":"2024-11-24 15:51:24 +0000"},"done":false},"minecraft:recipes/transportation/mangrove_boat":{"criteria":{"in_water":"2024-11-26 20:04:36 +0000"},"done":true},"minecraft:recipes/transportation/acacia_boat":{"criteria":{"in_water":"2024-11-26 20:04:36 +0000"},"done":true},"minecraft:recipes/transportation/cherry_boat":{"criteria":{"in_water":"2024-11-26 20:04:36 +0000"},"done":true},"minecraft:recipes/transportation/bamboo_raft":{"criteria":{"in_water":"2024-11-26 20:04:36 +0000"},"done":true},"minecraft:recipes/transportation/spruce_boat":{"criteria":{"in_water":"2024-11-26 20:04:36 +0000"},"done":true},"minecraft:recipes/transportation/birch_boat":{"criteria":{"in_water":"2024-11-26 20:04:36 +0000"},"done":true},"minecraft:recipes/transportation/oak_boat":{"criteria":{"in_water":"2024-11-26 20:04:36 +0000"},"done":true},"minecraft:story/root":{"criteria":{"crafting_table":"2024-11-26 20:05:06 +0000"},"done":true},"minecraft:recipes/transportation/jungle_boat":{"criteria":{"in_water":"2024-11-26 20:04:36 +0000"},"done":true},"minecraft:recipes/transportation/dark_oak_boat":{"criteria":{"in_water":"2024-11-26 20:04:36 +0000"},"done":true},"DataVersion":4082}