{"minecraft:recipes/decorations/crafting_table":{"criteria":{"unlock_right_away":"2024-11-24 15:51:23 +0000"},"done":true},"minecraft:adventure/adventuring_time":{"criteria":{"minecraft:cold_ocean":"2024-11-24 16:27:18 +0000","minecraft:flower_forest":"2024-11-24 16:27:00 +0000","minecraft:beach":"2024-11-24 16:26:44 +0000","minecraft:forest":"2024-11-24 16:26:06 +0000","minecraft:river":"2024-11-24 16:26:05 +0000","minecraft:plains":"2024-11-24 15:51:24 +0000"},"done":false},"DataVersion":4082}